{
	"BUILD_DIR" : "/home/panyilun/CS3307/cs3307b-group-66/cmake-build-release/UnitTests_autogen",
	"CMAKE_BINARY_DIR" : "/home/panyilun/CS3307/cs3307b-group-66/cmake-build-release",
	"CMAKE_CURRENT_BINARY_DIR" : "/home/panyilun/CS3307/cs3307b-group-66/cmake-build-release",
	"CMAKE_CURRENT_SOURCE_DIR" : "/home/panyilun/CS3307/cs3307b-group-66",
	"CMAKE_EXECUTABLE" : "/snap/clion/332/bin/cmake/linux/x64/bin/cmake",
	"CMAKE_LIST_FILES" : 
	[
		"/home/panyilun/CS3307/cs3307b-group-66/CMakeLists.txt",
		"/home/panyilun/CS3307/cs3307b-group-66/cmake-build-release/CMakeFiles/3.30.5/CMakeSystem.cmake",
		"/snap/clion/332/bin/cmake/linux/x64/share/cmake-3.30/Modules/CMakeSystemSpecificInitialize.cmake",
		"/snap/clion/332/bin/cmake/linux/x64/share/cmake-3.30/Modules/Platform/Linux-Initialize.cmake",
		"/home/panyilun/CS3307/cs3307b-group-66/cmake-build-release/CMakeFiles/3.30.5/CMakeCXXCompiler.cmake",
		"/snap/clion/332/bin/cmake/linux/x64/share/cmake-3.30/Modules/CMakeSystemSpecificInformation.cmake",
		"/snap/clion/332/bin/cmake/linux/x64/share/cmake-3.30/Modules/CMakeGenericSystem.cmake",
		"/snap/clion/332/bin/cmake/linux/x64/share/cmake-3.30/Modules/CMakeInitializeConfigs.cmake",
		"/snap/clion/332/bin/cmake/linux/x64/share/cmake-3.30/Modules/Platform/Linux.cmake",
		"/snap/clion/332/bin/cmake/linux/x64/share/cmake-3.30/Modules/Platform/UnixPaths.cmake",
		"/snap/clion/332/bin/cmake/linux/x64/share/cmake-3.30/Modules/CMakeCXXInformation.cmake",
		"/snap/clion/332/bin/cmake/linux/x64/share/cmake-3.30/Modules/CMakeLanguageInformation.cmake",
		"/snap/clion/332/bin/cmake/linux/x64/share/cmake-3.30/Modules/Compiler/GNU-CXX.cmake",
		"/snap/clion/332/bin/cmake/linux/x64/share/cmake-3.30/Modules/Compiler/GNU.cmake",
		"/snap/clion/332/bin/cmake/linux/x64/share/cmake-3.30/Modules/Compiler/CMakeCommonCompilerMacros.cmake",
		"/snap/clion/332/bin/cmake/linux/x64/share/cmake-3.30/Modules/Platform/Linux-GNU-CXX.cmake",
		"/snap/clion/332/bin/cmake/linux/x64/share/cmake-3.30/Modules/Platform/Linux-GNU.cmake",
		"/snap/clion/332/bin/cmake/linux/x64/share/cmake-3.30/Modules/CMakeCommonLanguageInclude.cmake",
		"/home/panyilun/Qt/6.8.1/gcc_64/lib/cmake/Qt6/Qt6ConfigVersion.cmake",
		"/home/panyilun/Qt/6.8.1/gcc_64/lib/cmake/Qt6/Qt6ConfigVersionImpl.cmake",
		"/home/panyilun/Qt/6.8.1/gcc_64/lib/cmake/Qt6/Qt6Config.cmake",
		"/home/panyilun/Qt/6.8.1/gcc_64/lib/cmake/Qt6/Qt6ConfigExtras.cmake",
		"/home/panyilun/Qt/6.8.1/gcc_64/lib/cmake/Qt6/QtPublicCMakeVersionHelpers.cmake",
		"/home/panyilun/Qt/6.8.1/gcc_64/lib/cmake/Qt6/QtPublicCMakeHelpers.cmake",
		"/home/panyilun/Qt/6.8.1/gcc_64/lib/cmake/Qt6/QtInstallPaths.cmake",
		"/home/panyilun/Qt/6.8.1/gcc_64/lib/cmake/Qt6/Qt6Targets.cmake",
		"/home/panyilun/Qt/6.8.1/gcc_64/lib/cmake/Qt6/Qt6VersionlessAliasTargets.cmake",
		"/home/panyilun/Qt/6.8.1/gcc_64/lib/cmake/Qt6/QtFeature.cmake",
		"/snap/clion/332/bin/cmake/linux/x64/share/cmake-3.30/Modules/CheckCXXCompilerFlag.cmake",
		"/snap/clion/332/bin/cmake/linux/x64/share/cmake-3.30/Modules/Internal/CheckCompilerFlag.cmake",
		"/snap/clion/332/bin/cmake/linux/x64/share/cmake-3.30/Modules/Internal/CheckFlagCommonConfig.cmake",
		"/snap/clion/332/bin/cmake/linux/x64/share/cmake-3.30/Modules/Internal/CheckSourceCompiles.cmake",
		"/snap/clion/332/bin/cmake/linux/x64/share/cmake-3.30/Modules/CMakeCheckCompilerFlagCommonPatterns.cmake",
		"/snap/clion/332/bin/cmake/linux/x64/share/cmake-3.30/Modules/CheckCXXSourceCompiles.cmake",
		"/snap/clion/332/bin/cmake/linux/x64/share/cmake-3.30/Modules/Internal/CheckSourceCompiles.cmake",
		"/home/panyilun/Qt/6.8.1/gcc_64/lib/cmake/Qt6/QtFeatureCommon.cmake",
		"/home/panyilun/Qt/6.8.1/gcc_64/lib/cmake/Qt6/QtPublicAppleHelpers.cmake",
		"/home/panyilun/Qt/6.8.1/gcc_64/lib/cmake/Qt6/QtPublicCMakeHelpers.cmake",
		"/home/panyilun/Qt/6.8.1/gcc_64/lib/cmake/Qt6/QtPublicCMakeVersionHelpers.cmake",
		"/home/panyilun/Qt/6.8.1/gcc_64/lib/cmake/Qt6/QtPublicDependencyHelpers.cmake",
		"/home/panyilun/Qt/6.8.1/gcc_64/lib/cmake/Qt6/QtPublicExternalProjectHelpers.cmake",
		"/home/panyilun/Qt/6.8.1/gcc_64/lib/cmake/Qt6/QtPublicFinalizerHelpers.cmake",
		"/home/panyilun/Qt/6.8.1/gcc_64/lib/cmake/Qt6/QtPublicFindPackageHelpers.cmake",
		"/home/panyilun/Qt/6.8.1/gcc_64/lib/cmake/Qt6/QtPublicGitHelpers.cmake",
		"/home/panyilun/Qt/6.8.1/gcc_64/lib/cmake/Qt6/QtPublicPluginHelpers.cmake",
		"/home/panyilun/Qt/6.8.1/gcc_64/lib/cmake/Qt6/QtPublicSbomGenerationHelpers.cmake",
		"/home/panyilun/Qt/6.8.1/gcc_64/lib/cmake/Qt6/QtPublicSbomHelpers.cmake",
		"/home/panyilun/Qt/6.8.1/gcc_64/lib/cmake/Qt6/QtPublicTargetHelpers.cmake",
		"/home/panyilun/Qt/6.8.1/gcc_64/lib/cmake/Qt6/QtPublicTestHelpers.cmake",
		"/home/panyilun/Qt/6.8.1/gcc_64/lib/cmake/Qt6/QtPublicToolHelpers.cmake",
		"/home/panyilun/Qt/6.8.1/gcc_64/lib/cmake/Qt6/QtPublicWalkLibsHelpers.cmake",
		"/snap/clion/332/bin/cmake/linux/x64/share/cmake-3.30/Modules/CMakeFindDependencyMacro.cmake",
		"/home/panyilun/Qt/6.8.1/gcc_64/lib/cmake/Qt6/Qt6Dependencies.cmake",
		"/snap/clion/332/bin/cmake/linux/x64/share/cmake-3.30/Modules/FindThreads.cmake",
		"/snap/clion/332/bin/cmake/linux/x64/share/cmake-3.30/Modules/CheckLibraryExists.cmake",
		"/snap/clion/332/bin/cmake/linux/x64/share/cmake-3.30/Modules/CheckIncludeFileCXX.cmake",
		"/snap/clion/332/bin/cmake/linux/x64/share/cmake-3.30/Modules/CheckCXXSourceCompiles.cmake",
		"/snap/clion/332/bin/cmake/linux/x64/share/cmake-3.30/Modules/FindPackageHandleStandardArgs.cmake",
		"/snap/clion/332/bin/cmake/linux/x64/share/cmake-3.30/Modules/FindPackageMessage.cmake",
		"/home/panyilun/Qt/6.8.1/gcc_64/lib/cmake/Qt6Core/Qt6CoreConfigVersion.cmake",
		"/home/panyilun/Qt/6.8.1/gcc_64/lib/cmake/Qt6Core/Qt6CoreConfigVersionImpl.cmake",
		"/home/panyilun/Qt/6.8.1/gcc_64/lib/cmake/Qt6Core/Qt6CoreConfig.cmake",
		"/snap/clion/332/bin/cmake/linux/x64/share/cmake-3.30/Modules/CMakeFindDependencyMacro.cmake",
		"/home/panyilun/Qt/6.8.1/gcc_64/lib/cmake/Qt6Core/Qt6CoreDependencies.cmake",
		"/home/panyilun/Qt/6.8.1/gcc_64/lib/cmake/Qt6/FindWrapAtomic.cmake",
		"/snap/clion/332/bin/cmake/linux/x64/share/cmake-3.30/Modules/CheckCXXSourceCompiles.cmake",
		"/snap/clion/332/bin/cmake/linux/x64/share/cmake-3.30/Modules/FindPackageHandleStandardArgs.cmake",
		"/snap/clion/332/bin/cmake/linux/x64/share/cmake-3.30/Modules/FindPackageMessage.cmake",
		"/home/panyilun/Qt/6.8.1/gcc_64/lib/cmake/Qt6CoreTools/Qt6CoreToolsConfigVersion.cmake",
		"/home/panyilun/Qt/6.8.1/gcc_64/lib/cmake/Qt6CoreTools/Qt6CoreToolsConfigVersionImpl.cmake",
		"/home/panyilun/Qt/6.8.1/gcc_64/lib/cmake/Qt6CoreTools/Qt6CoreToolsConfig.cmake",
		"/snap/clion/332/bin/cmake/linux/x64/share/cmake-3.30/Modules/CMakeFindDependencyMacro.cmake",
		"/home/panyilun/Qt/6.8.1/gcc_64/lib/cmake/Qt6CoreTools/Qt6CoreToolsDependencies.cmake",
		"/home/panyilun/Qt/6.8.1/gcc_64/lib/cmake/Qt6CoreTools/Qt6CoreToolsTargets.cmake",
		"/home/panyilun/Qt/6.8.1/gcc_64/lib/cmake/Qt6CoreTools/Qt6CoreToolsTargets-relwithdebinfo.cmake",
		"/home/panyilun/Qt/6.8.1/gcc_64/lib/cmake/Qt6CoreTools/Qt6CoreToolsAdditionalTargetInfo.cmake",
		"/home/panyilun/Qt/6.8.1/gcc_64/lib/cmake/Qt6CoreTools/Qt6CoreToolsVersionlessTargets.cmake",
		"/home/panyilun/Qt/6.8.1/gcc_64/lib/cmake/Qt6Core/Qt6CoreTargets.cmake",
		"/home/panyilun/Qt/6.8.1/gcc_64/lib/cmake/Qt6Core/Qt6CoreTargets-relwithdebinfo.cmake",
		"/home/panyilun/Qt/6.8.1/gcc_64/lib/cmake/Qt6Core/Qt6CoreAdditionalTargetInfo.cmake",
		"/home/panyilun/Qt/6.8.1/gcc_64/lib/cmake/Qt6Core/Qt6CoreMacros.cmake",
		"/home/panyilun/Qt/6.8.1/gcc_64/lib/cmake/Qt6Core/Qt6CoreConfigExtras.cmake",
		"/snap/clion/332/bin/cmake/linux/x64/share/cmake-3.30/Modules/GNUInstallDirs.cmake",
		"/home/panyilun/Qt/6.8.1/gcc_64/lib/cmake/Qt6Core/Qt6CoreVersionlessAliasTargets.cmake",
		"/home/panyilun/Qt/6.8.1/gcc_64/lib/cmake/Qt6Gui/Qt6GuiConfigVersion.cmake",
		"/home/panyilun/Qt/6.8.1/gcc_64/lib/cmake/Qt6Gui/Qt6GuiConfigVersionImpl.cmake",
		"/home/panyilun/Qt/6.8.1/gcc_64/lib/cmake/Qt6Gui/Qt6GuiConfig.cmake",
		"/snap/clion/332/bin/cmake/linux/x64/share/cmake-3.30/Modules/CMakeFindDependencyMacro.cmake",
		"/home/panyilun/Qt/6.8.1/gcc_64/lib/cmake/Qt6Gui/Qt6GuiDependencies.cmake",
		"/home/panyilun/Qt/6.8.1/gcc_64/lib/cmake/Qt6/FindWrapOpenGL.cmake",
		"/snap/clion/332/bin/cmake/linux/x64/share/cmake-3.30/Modules/FindOpenGL.cmake",
		"/snap/clion/332/bin/cmake/linux/x64/share/cmake-3.30/Modules/FindPackageHandleStandardArgs.cmake",
		"/snap/clion/332/bin/cmake/linux/x64/share/cmake-3.30/Modules/FindPackageMessage.cmake",
		"/snap/clion/332/bin/cmake/linux/x64/share/cmake-3.30/Modules/FindPackageHandleStandardArgs.cmake",
		"/snap/clion/332/bin/cmake/linux/x64/share/cmake-3.30/Modules/FindPackageMessage.cmake",
		"/home/panyilun/Qt/6.8.1/gcc_64/lib/cmake/Qt6/3rdparty/kwin/FindXKB.cmake",
		"/snap/clion/332/bin/cmake/linux/x64/share/cmake-3.30/Modules/FindPkgConfig.cmake",
		"/snap/clion/332/bin/cmake/linux/x64/share/cmake-3.30/Modules/FindPackageHandleStandardArgs.cmake",
		"/snap/clion/332/bin/cmake/linux/x64/share/cmake-3.30/Modules/FindPackageMessage.cmake",
		"/snap/clion/332/bin/cmake/linux/x64/share/cmake-3.30/Modules/FindPackageHandleStandardArgs.cmake",
		"/snap/clion/332/bin/cmake/linux/x64/share/cmake-3.30/Modules/FindPackageMessage.cmake",
		"/snap/clion/332/bin/cmake/linux/x64/share/cmake-3.30/Modules/FeatureSummary.cmake",
		"/home/panyilun/Qt/6.8.1/gcc_64/lib/cmake/Qt6/FindWrapVulkanHeaders.cmake",
		"/snap/clion/332/bin/cmake/linux/x64/share/cmake-3.30/Modules/FindVulkan.cmake",
		"/snap/clion/332/bin/cmake/linux/x64/share/cmake-3.30/Modules/FindPackageHandleStandardArgs.cmake",
		"/snap/clion/332/bin/cmake/linux/x64/share/cmake-3.30/Modules/FindPackageMessage.cmake",
		"/snap/clion/332/bin/cmake/linux/x64/share/cmake-3.30/Modules/FindPackageHandleStandardArgs.cmake",
		"/snap/clion/332/bin/cmake/linux/x64/share/cmake-3.30/Modules/FindPackageMessage.cmake",
		"/home/panyilun/Qt/6.8.1/gcc_64/lib/cmake/Qt6GuiTools/Qt6GuiToolsConfigVersion.cmake",
		"/home/panyilun/Qt/6.8.1/gcc_64/lib/cmake/Qt6GuiTools/Qt6GuiToolsConfigVersionImpl.cmake",
		"/home/panyilun/Qt/6.8.1/gcc_64/lib/cmake/Qt6GuiTools/Qt6GuiToolsConfig.cmake",
		"/snap/clion/332/bin/cmake/linux/x64/share/cmake-3.30/Modules/CMakeFindDependencyMacro.cmake",
		"/home/panyilun/Qt/6.8.1/gcc_64/lib/cmake/Qt6GuiTools/Qt6GuiToolsDependencies.cmake",
		"/home/panyilun/Qt/6.8.1/gcc_64/lib/cmake/Qt6GuiTools/Qt6GuiToolsTargets.cmake",
		"/home/panyilun/Qt/6.8.1/gcc_64/lib/cmake/Qt6GuiTools/Qt6GuiToolsTargets-relwithdebinfo.cmake",
		"/home/panyilun/Qt/6.8.1/gcc_64/lib/cmake/Qt6GuiTools/Qt6GuiToolsAdditionalTargetInfo.cmake",
		"/home/panyilun/Qt/6.8.1/gcc_64/lib/cmake/Qt6GuiTools/Qt6GuiToolsVersionlessTargets.cmake",
		"/home/panyilun/Qt/6.8.1/gcc_64/lib/cmake/Qt6DBus/Qt6DBusConfigVersion.cmake",
		"/home/panyilun/Qt/6.8.1/gcc_64/lib/cmake/Qt6DBus/Qt6DBusConfigVersionImpl.cmake",
		"/home/panyilun/Qt/6.8.1/gcc_64/lib/cmake/Qt6DBus/Qt6DBusConfig.cmake",
		"/snap/clion/332/bin/cmake/linux/x64/share/cmake-3.30/Modules/CMakeFindDependencyMacro.cmake",
		"/home/panyilun/Qt/6.8.1/gcc_64/lib/cmake/Qt6DBus/Qt6DBusDependencies.cmake",
		"/home/panyilun/Qt/6.8.1/gcc_64/lib/cmake/Qt6DBusTools/Qt6DBusToolsConfigVersion.cmake",
		"/home/panyilun/Qt/6.8.1/gcc_64/lib/cmake/Qt6DBusTools/Qt6DBusToolsConfigVersionImpl.cmake",
		"/home/panyilun/Qt/6.8.1/gcc_64/lib/cmake/Qt6DBusTools/Qt6DBusToolsConfig.cmake",
		"/snap/clion/332/bin/cmake/linux/x64/share/cmake-3.30/Modules/CMakeFindDependencyMacro.cmake",
		"/home/panyilun/Qt/6.8.1/gcc_64/lib/cmake/Qt6DBusTools/Qt6DBusToolsDependencies.cmake",
		"/home/panyilun/Qt/6.8.1/gcc_64/lib/cmake/Qt6DBusTools/Qt6DBusToolsTargets.cmake",
		"/home/panyilun/Qt/6.8.1/gcc_64/lib/cmake/Qt6DBusTools/Qt6DBusToolsTargets-relwithdebinfo.cmake",
		"/home/panyilun/Qt/6.8.1/gcc_64/lib/cmake/Qt6DBusTools/Qt6DBusToolsAdditionalTargetInfo.cmake",
		"/home/panyilun/Qt/6.8.1/gcc_64/lib/cmake/Qt6DBusTools/Qt6DBusToolsVersionlessTargets.cmake",
		"/home/panyilun/Qt/6.8.1/gcc_64/lib/cmake/Qt6DBus/Qt6DBusTargets.cmake",
		"/home/panyilun/Qt/6.8.1/gcc_64/lib/cmake/Qt6DBus/Qt6DBusTargets-relwithdebinfo.cmake",
		"/home/panyilun/Qt/6.8.1/gcc_64/lib/cmake/Qt6DBus/Qt6DBusAdditionalTargetInfo.cmake",
		"/home/panyilun/Qt/6.8.1/gcc_64/lib/cmake/Qt6DBus/Qt6DBusMacros.cmake",
		"/snap/clion/332/bin/cmake/linux/x64/share/cmake-3.30/Modules/MacroAddFileDependencies.cmake",
		"/home/panyilun/Qt/6.8.1/gcc_64/lib/cmake/Qt6DBus/Qt6DBusVersionlessAliasTargets.cmake",
		"/home/panyilun/Qt/6.8.1/gcc_64/lib/cmake/Qt6Gui/Qt6GuiTargets.cmake",
		"/home/panyilun/Qt/6.8.1/gcc_64/lib/cmake/Qt6Gui/Qt6GuiTargets-relwithdebinfo.cmake",
		"/home/panyilun/Qt/6.8.1/gcc_64/lib/cmake/Qt6Gui/Qt6GuiAdditionalTargetInfo.cmake",
		"/home/panyilun/Qt/6.8.1/gcc_64/lib/cmake/Qt6Gui/Qt6GuiPlugins.cmake",
		"/home/panyilun/Qt/6.8.1/gcc_64/lib/cmake/Qt6Gui/Qt6QComposePlatformInputContextPluginConfig.cmake",
		"/snap/clion/332/bin/cmake/linux/x64/share/cmake-3.30/Modules/CMakeFindDependencyMacro.cmake",
		"/home/panyilun/Qt/6.8.1/gcc_64/lib/cmake/Qt6Gui/Qt6QComposePlatformInputContextPluginTargets.cmake",
		"/home/panyilun/Qt/6.8.1/gcc_64/lib/cmake/Qt6Gui/Qt6QComposePlatformInputContextPluginTargets-relwithdebinfo.cmake",
		"/home/panyilun/Qt/6.8.1/gcc_64/lib/cmake/Qt6Gui/Qt6QComposePlatformInputContextPluginAdditionalTargetInfo.cmake",
		"/home/panyilun/Qt/6.8.1/gcc_64/lib/cmake/Qt6Gui/Qt6QEglFSEmulatorIntegrationPluginConfig.cmake",
		"/snap/clion/332/bin/cmake/linux/x64/share/cmake-3.30/Modules/CMakeFindDependencyMacro.cmake",
		"/home/panyilun/Qt/6.8.1/gcc_64/lib/cmake/Qt6Gui/Qt6QEglFSEmulatorIntegrationPluginTargets.cmake",
		"/home/panyilun/Qt/6.8.1/gcc_64/lib/cmake/Qt6Gui/Qt6QEglFSEmulatorIntegrationPluginTargets-relwithdebinfo.cmake",
		"/home/panyilun/Qt/6.8.1/gcc_64/lib/cmake/Qt6Gui/Qt6QEglFSEmulatorIntegrationPluginAdditionalTargetInfo.cmake",
		"/home/panyilun/Qt/6.8.1/gcc_64/lib/cmake/Qt6Gui/Qt6QEglFSIntegrationPluginConfig.cmake",
		"/snap/clion/332/bin/cmake/linux/x64/share/cmake-3.30/Modules/CMakeFindDependencyMacro.cmake",
		"/home/panyilun/Qt/6.8.1/gcc_64/lib/cmake/Qt6Gui/Qt6QEglFSIntegrationPluginTargets.cmake",
		"/home/panyilun/Qt/6.8.1/gcc_64/lib/cmake/Qt6Gui/Qt6QEglFSIntegrationPluginTargets-relwithdebinfo.cmake",
		"/home/panyilun/Qt/6.8.1/gcc_64/lib/cmake/Qt6Gui/Qt6QEglFSIntegrationPluginAdditionalTargetInfo.cmake",
		"/home/panyilun/Qt/6.8.1/gcc_64/lib/cmake/Qt6Gui/Qt6QEglFSKmsEglDeviceIntegrationPluginConfig.cmake",
		"/snap/clion/332/bin/cmake/linux/x64/share/cmake-3.30/Modules/CMakeFindDependencyMacro.cmake",
		"/home/panyilun/Qt/6.8.1/gcc_64/lib/cmake/Qt6Gui/Qt6QEglFSKmsEglDeviceIntegrationPluginTargets.cmake",
		"/home/panyilun/Qt/6.8.1/gcc_64/lib/cmake/Qt6Gui/Qt6QEglFSKmsEglDeviceIntegrationPluginTargets-relwithdebinfo.cmake",
		"/home/panyilun/Qt/6.8.1/gcc_64/lib/cmake/Qt6Gui/Qt6QEglFSKmsEglDeviceIntegrationPluginAdditionalTargetInfo.cmake",
		"/home/panyilun/Qt/6.8.1/gcc_64/lib/cmake/Qt6Gui/Qt6QEglFSKmsGbmIntegrationPluginConfig.cmake",
		"/snap/clion/332/bin/cmake/linux/x64/share/cmake-3.30/Modules/CMakeFindDependencyMacro.cmake",
		"/home/panyilun/Qt/6.8.1/gcc_64/lib/cmake/Qt6Gui/Qt6QEglFSKmsGbmIntegrationPluginTargets.cmake",
		"/home/panyilun/Qt/6.8.1/gcc_64/lib/cmake/Qt6Gui/Qt6QEglFSKmsGbmIntegrationPluginTargets-relwithdebinfo.cmake",
		"/home/panyilun/Qt/6.8.1/gcc_64/lib/cmake/Qt6Gui/Qt6QEglFSKmsGbmIntegrationPluginAdditionalTargetInfo.cmake",
		"/home/panyilun/Qt/6.8.1/gcc_64/lib/cmake/Qt6Gui/Qt6QEglFSX11IntegrationPluginConfig.cmake",
		"/snap/clion/332/bin/cmake/linux/x64/share/cmake-3.30/Modules/CMakeFindDependencyMacro.cmake",
		"/home/panyilun/Qt/6.8.1/gcc_64/lib/cmake/Qt6Gui/Qt6QEglFSX11IntegrationPluginTargets.cmake",
		"/home/panyilun/Qt/6.8.1/gcc_64/lib/cmake/Qt6Gui/Qt6QEglFSX11IntegrationPluginTargets-relwithdebinfo.cmake",
		"/home/panyilun/Qt/6.8.1/gcc_64/lib/cmake/Qt6Gui/Qt6QEglFSX11IntegrationPluginAdditionalTargetInfo.cmake",
		"/home/panyilun/Qt/6.8.1/gcc_64/lib/cmake/Qt6Gui/Qt6QEvdevKeyboardPluginConfig.cmake",
		"/snap/clion/332/bin/cmake/linux/x64/share/cmake-3.30/Modules/CMakeFindDependencyMacro.cmake",
		"/home/panyilun/Qt/6.8.1/gcc_64/lib/cmake/Qt6Gui/Qt6QEvdevKeyboardPluginTargets.cmake",
		"/home/panyilun/Qt/6.8.1/gcc_64/lib/cmake/Qt6Gui/Qt6QEvdevKeyboardPluginTargets-relwithdebinfo.cmake",
		"/home/panyilun/Qt/6.8.1/gcc_64/lib/cmake/Qt6Gui/Qt6QEvdevKeyboardPluginAdditionalTargetInfo.cmake",
		"/home/panyilun/Qt/6.8.1/gcc_64/lib/cmake/Qt6Gui/Qt6QEvdevMousePluginConfig.cmake",
		"/snap/clion/332/bin/cmake/linux/x64/share/cmake-3.30/Modules/CMakeFindDependencyMacro.cmake",
		"/home/panyilun/Qt/6.8.1/gcc_64/lib/cmake/Qt6Gui/Qt6QEvdevMousePluginTargets.cmake",
		"/home/panyilun/Qt/6.8.1/gcc_64/lib/cmake/Qt6Gui/Qt6QEvdevMousePluginTargets-relwithdebinfo.cmake",
		"/home/panyilun/Qt/6.8.1/gcc_64/lib/cmake/Qt6Gui/Qt6QEvdevMousePluginAdditionalTargetInfo.cmake",
		"/home/panyilun/Qt/6.8.1/gcc_64/lib/cmake/Qt6Gui/Qt6QEvdevTabletPluginConfig.cmake",
		"/snap/clion/332/bin/cmake/linux/x64/share/cmake-3.30/Modules/CMakeFindDependencyMacro.cmake",
		"/home/panyilun/Qt/6.8.1/gcc_64/lib/cmake/Qt6Gui/Qt6QEvdevTabletPluginTargets.cmake",
		"/home/panyilun/Qt/6.8.1/gcc_64/lib/cmake/Qt6Gui/Qt6QEvdevTabletPluginTargets-relwithdebinfo.cmake",
		"/home/panyilun/Qt/6.8.1/gcc_64/lib/cmake/Qt6Gui/Qt6QEvdevTabletPluginAdditionalTargetInfo.cmake",
		"/home/panyilun/Qt/6.8.1/gcc_64/lib/cmake/Qt6Gui/Qt6QEvdevTouchScreenPluginConfig.cmake",
		"/snap/clion/332/bin/cmake/linux/x64/share/cmake-3.30/Modules/CMakeFindDependencyMacro.cmake",
		"/home/panyilun/Qt/6.8.1/gcc_64/lib/cmake/Qt6Gui/Qt6QEvdevTouchScreenPluginTargets.cmake",
		"/home/panyilun/Qt/6.8.1/gcc_64/lib/cmake/Qt6Gui/Qt6QEvdevTouchScreenPluginTargets-relwithdebinfo.cmake",
		"/home/panyilun/Qt/6.8.1/gcc_64/lib/cmake/Qt6Gui/Qt6QEvdevTouchScreenPluginAdditionalTargetInfo.cmake",
		"/home/panyilun/Qt/6.8.1/gcc_64/lib/cmake/Qt6Gui/Qt6QGifPluginConfig.cmake",
		"/snap/clion/332/bin/cmake/linux/x64/share/cmake-3.30/Modules/CMakeFindDependencyMacro.cmake",
		"/home/panyilun/Qt/6.8.1/gcc_64/lib/cmake/Qt6Gui/Qt6QGifPluginTargets.cmake",
		"/home/panyilun/Qt/6.8.1/gcc_64/lib/cmake/Qt6Gui/Qt6QGifPluginTargets-relwithdebinfo.cmake",
		"/home/panyilun/Qt/6.8.1/gcc_64/lib/cmake/Qt6Gui/Qt6QGifPluginAdditionalTargetInfo.cmake",
		"/home/panyilun/Qt/6.8.1/gcc_64/lib/cmake/Qt6Gui/Qt6QGtk3ThemePluginConfig.cmake",
		"/snap/clion/332/bin/cmake/linux/x64/share/cmake-3.30/Modules/CMakeFindDependencyMacro.cmake",
		"/home/panyilun/Qt/6.8.1/gcc_64/lib/cmake/Qt6Gui/Qt6QGtk3ThemePluginTargets.cmake",
		"/home/panyilun/Qt/6.8.1/gcc_64/lib/cmake/Qt6Gui/Qt6QGtk3ThemePluginTargets-relwithdebinfo.cmake",
		"/home/panyilun/Qt/6.8.1/gcc_64/lib/cmake/Qt6Gui/Qt6QGtk3ThemePluginAdditionalTargetInfo.cmake",
		"/home/panyilun/Qt/6.8.1/gcc_64/lib/cmake/Qt6Gui/Qt6QICOPluginConfig.cmake",
		"/snap/clion/332/bin/cmake/linux/x64/share/cmake-3.30/Modules/CMakeFindDependencyMacro.cmake",
		"/home/panyilun/Qt/6.8.1/gcc_64/lib/cmake/Qt6Gui/Qt6QICOPluginTargets.cmake",
		"/home/panyilun/Qt/6.8.1/gcc_64/lib/cmake/Qt6Gui/Qt6QICOPluginTargets-relwithdebinfo.cmake",
		"/home/panyilun/Qt/6.8.1/gcc_64/lib/cmake/Qt6Gui/Qt6QICOPluginAdditionalTargetInfo.cmake",
		"/home/panyilun/Qt/6.8.1/gcc_64/lib/cmake/Qt6Gui/Qt6QIbusPlatformInputContextPluginConfig.cmake",
		"/snap/clion/332/bin/cmake/linux/x64/share/cmake-3.30/Modules/CMakeFindDependencyMacro.cmake",
		"/home/panyilun/Qt/6.8.1/gcc_64/lib/cmake/Qt6Gui/Qt6QIbusPlatformInputContextPluginTargets.cmake",
		"/home/panyilun/Qt/6.8.1/gcc_64/lib/cmake/Qt6Gui/Qt6QIbusPlatformInputContextPluginTargets-relwithdebinfo.cmake",
		"/home/panyilun/Qt/6.8.1/gcc_64/lib/cmake/Qt6Gui/Qt6QIbusPlatformInputContextPluginAdditionalTargetInfo.cmake",
		"/home/panyilun/Qt/6.8.1/gcc_64/lib/cmake/Qt6Gui/Qt6QJpegPluginConfig.cmake",
		"/snap/clion/332/bin/cmake/linux/x64/share/cmake-3.30/Modules/CMakeFindDependencyMacro.cmake",
		"/home/panyilun/Qt/6.8.1/gcc_64/lib/cmake/Qt6Gui/Qt6QJpegPluginTargets.cmake",
		"/home/panyilun/Qt/6.8.1/gcc_64/lib/cmake/Qt6Gui/Qt6QJpegPluginTargets-relwithdebinfo.cmake",
		"/home/panyilun/Qt/6.8.1/gcc_64/lib/cmake/Qt6Gui/Qt6QJpegPluginAdditionalTargetInfo.cmake",
		"/home/panyilun/Qt/6.8.1/gcc_64/lib/cmake/Qt6Gui/Qt6QLinuxFbIntegrationPluginConfig.cmake",
		"/snap/clion/332/bin/cmake/linux/x64/share/cmake-3.30/Modules/CMakeFindDependencyMacro.cmake",
		"/home/panyilun/Qt/6.8.1/gcc_64/lib/cmake/Qt6Gui/Qt6QLinuxFbIntegrationPluginTargets.cmake",
		"/home/panyilun/Qt/6.8.1/gcc_64/lib/cmake/Qt6Gui/Qt6QLinuxFbIntegrationPluginTargets-relwithdebinfo.cmake",
		"/home/panyilun/Qt/6.8.1/gcc_64/lib/cmake/Qt6Gui/Qt6QLinuxFbIntegrationPluginAdditionalTargetInfo.cmake",
		"/home/panyilun/Qt/6.8.1/gcc_64/lib/cmake/Qt6Gui/Qt6QMinimalEglIntegrationPluginConfig.cmake",
		"/snap/clion/332/bin/cmake/linux/x64/share/cmake-3.30/Modules/CMakeFindDependencyMacro.cmake",
		"/home/panyilun/Qt/6.8.1/gcc_64/lib/cmake/Qt6Gui/Qt6QMinimalEglIntegrationPluginTargets.cmake",
		"/home/panyilun/Qt/6.8.1/gcc_64/lib/cmake/Qt6Gui/Qt6QMinimalEglIntegrationPluginTargets-relwithdebinfo.cmake",
		"/home/panyilun/Qt/6.8.1/gcc_64/lib/cmake/Qt6Gui/Qt6QMinimalEglIntegrationPluginAdditionalTargetInfo.cmake",
		"/home/panyilun/Qt/6.8.1/gcc_64/lib/cmake/Qt6Gui/Qt6QMinimalIntegrationPluginConfig.cmake",
		"/snap/clion/332/bin/cmake/linux/x64/share/cmake-3.30/Modules/CMakeFindDependencyMacro.cmake",
		"/home/panyilun/Qt/6.8.1/gcc_64/lib/cmake/Qt6Gui/Qt6QMinimalIntegrationPluginTargets.cmake",
		"/home/panyilun/Qt/6.8.1/gcc_64/lib/cmake/Qt6Gui/Qt6QMinimalIntegrationPluginTargets-relwithdebinfo.cmake",
		"/home/panyilun/Qt/6.8.1/gcc_64/lib/cmake/Qt6Gui/Qt6QMinimalIntegrationPluginAdditionalTargetInfo.cmake",
		"/home/panyilun/Qt/6.8.1/gcc_64/lib/cmake/Qt6Gui/Qt6QOffscreenIntegrationPluginConfig.cmake",
		"/snap/clion/332/bin/cmake/linux/x64/share/cmake-3.30/Modules/CMakeFindDependencyMacro.cmake",
		"/home/panyilun/Qt/6.8.1/gcc_64/lib/cmake/Qt6Gui/Qt6QOffscreenIntegrationPluginTargets.cmake",
		"/home/panyilun/Qt/6.8.1/gcc_64/lib/cmake/Qt6Gui/Qt6QOffscreenIntegrationPluginTargets-relwithdebinfo.cmake",
		"/home/panyilun/Qt/6.8.1/gcc_64/lib/cmake/Qt6Gui/Qt6QOffscreenIntegrationPluginAdditionalTargetInfo.cmake",
		"/home/panyilun/Qt/6.8.1/gcc_64/lib/cmake/Qt6Gui/Qt6QSvgIconPluginConfig.cmake",
		"/snap/clion/332/bin/cmake/linux/x64/share/cmake-3.30/Modules/CMakeFindDependencyMacro.cmake",
		"/home/panyilun/Qt/6.8.1/gcc_64/lib/cmake/Qt6Gui/Qt6QSvgIconPluginTargets.cmake",
		"/home/panyilun/Qt/6.8.1/gcc_64/lib/cmake/Qt6Gui/Qt6QSvgIconPluginTargets-relwithdebinfo.cmake",
		"/home/panyilun/Qt/6.8.1/gcc_64/lib/cmake/Qt6Gui/Qt6QSvgIconPluginAdditionalTargetInfo.cmake",
		"/home/panyilun/Qt/6.8.1/gcc_64/lib/cmake/Qt6Gui/Qt6QSvgPluginConfig.cmake",
		"/snap/clion/332/bin/cmake/linux/x64/share/cmake-3.30/Modules/CMakeFindDependencyMacro.cmake",
		"/home/panyilun/Qt/6.8.1/gcc_64/lib/cmake/Qt6Gui/Qt6QSvgPluginTargets.cmake",
		"/home/panyilun/Qt/6.8.1/gcc_64/lib/cmake/Qt6Gui/Qt6QSvgPluginTargets-relwithdebinfo.cmake",
		"/home/panyilun/Qt/6.8.1/gcc_64/lib/cmake/Qt6Gui/Qt6QSvgPluginAdditionalTargetInfo.cmake",
		"/home/panyilun/Qt/6.8.1/gcc_64/lib/cmake/Qt6Gui/Qt6QTuioTouchPluginConfig.cmake",
		"/snap/clion/332/bin/cmake/linux/x64/share/cmake-3.30/Modules/CMakeFindDependencyMacro.cmake",
		"/home/panyilun/Qt/6.8.1/gcc_64/lib/cmake/Qt6Gui/Qt6QTuioTouchPluginTargets.cmake",
		"/home/panyilun/Qt/6.8.1/gcc_64/lib/cmake/Qt6Gui/Qt6QTuioTouchPluginTargets-relwithdebinfo.cmake",
		"/home/panyilun/Qt/6.8.1/gcc_64/lib/cmake/Qt6Gui/Qt6QTuioTouchPluginAdditionalTargetInfo.cmake",
		"/home/panyilun/Qt/6.8.1/gcc_64/lib/cmake/Qt6Gui/Qt6QVkKhrDisplayIntegrationPluginConfig.cmake",
		"/snap/clion/332/bin/cmake/linux/x64/share/cmake-3.30/Modules/CMakeFindDependencyMacro.cmake",
		"/home/panyilun/Qt/6.8.1/gcc_64/lib/cmake/Qt6Gui/Qt6QVkKhrDisplayIntegrationPluginTargets.cmake",
		"/home/panyilun/Qt/6.8.1/gcc_64/lib/cmake/Qt6Gui/Qt6QVkKhrDisplayIntegrationPluginTargets-relwithdebinfo.cmake",
		"/home/panyilun/Qt/6.8.1/gcc_64/lib/cmake/Qt6Gui/Qt6QVkKhrDisplayIntegrationPluginAdditionalTargetInfo.cmake",
		"/home/panyilun/Qt/6.8.1/gcc_64/lib/cmake/Qt6Gui/Qt6QVncIntegrationPluginConfig.cmake",
		"/snap/clion/332/bin/cmake/linux/x64/share/cmake-3.30/Modules/CMakeFindDependencyMacro.cmake",
		"/home/panyilun/Qt/6.8.1/gcc_64/lib/cmake/Qt6Gui/Qt6QVncIntegrationPluginTargets.cmake",
		"/home/panyilun/Qt/6.8.1/gcc_64/lib/cmake/Qt6Gui/Qt6QVncIntegrationPluginTargets-relwithdebinfo.cmake",
		"/home/panyilun/Qt/6.8.1/gcc_64/lib/cmake/Qt6Gui/Qt6QVncIntegrationPluginAdditionalTargetInfo.cmake",
		"/home/panyilun/Qt/6.8.1/gcc_64/lib/cmake/Qt6Gui/Qt6QWaylandEglPlatformIntegrationPluginConfig.cmake",
		"/snap/clion/332/bin/cmake/linux/x64/share/cmake-3.30/Modules/CMakeFindDependencyMacro.cmake",
		"/home/panyilun/Qt/6.8.1/gcc_64/lib/cmake/Qt6Gui/Qt6QWaylandEglPlatformIntegrationPluginTargets.cmake",
		"/home/panyilun/Qt/6.8.1/gcc_64/lib/cmake/Qt6Gui/Qt6QWaylandEglPlatformIntegrationPluginTargets-relwithdebinfo.cmake",
		"/home/panyilun/Qt/6.8.1/gcc_64/lib/cmake/Qt6Gui/Qt6QWaylandEglPlatformIntegrationPluginAdditionalTargetInfo.cmake",
		"/home/panyilun/Qt/6.8.1/gcc_64/lib/cmake/Qt6Gui/Qt6QWaylandIntegrationPluginConfig.cmake",
		"/snap/clion/332/bin/cmake/linux/x64/share/cmake-3.30/Modules/CMakeFindDependencyMacro.cmake",
		"/home/panyilun/Qt/6.8.1/gcc_64/lib/cmake/Qt6Gui/Qt6QWaylandIntegrationPluginTargets.cmake",
		"/home/panyilun/Qt/6.8.1/gcc_64/lib/cmake/Qt6Gui/Qt6QWaylandIntegrationPluginTargets-relwithdebinfo.cmake",
		"/home/panyilun/Qt/6.8.1/gcc_64/lib/cmake/Qt6Gui/Qt6QWaylandIntegrationPluginAdditionalTargetInfo.cmake",
		"/home/panyilun/Qt/6.8.1/gcc_64/lib/cmake/Qt6Gui/Qt6QXcbEglIntegrationPluginConfig.cmake",
		"/snap/clion/332/bin/cmake/linux/x64/share/cmake-3.30/Modules/CMakeFindDependencyMacro.cmake",
		"/home/panyilun/Qt/6.8.1/gcc_64/lib/cmake/Qt6Gui/Qt6QXcbEglIntegrationPluginTargets.cmake",
		"/home/panyilun/Qt/6.8.1/gcc_64/lib/cmake/Qt6Gui/Qt6QXcbEglIntegrationPluginTargets-relwithdebinfo.cmake",
		"/home/panyilun/Qt/6.8.1/gcc_64/lib/cmake/Qt6Gui/Qt6QXcbEglIntegrationPluginAdditionalTargetInfo.cmake",
		"/home/panyilun/Qt/6.8.1/gcc_64/lib/cmake/Qt6Gui/Qt6QXcbGlxIntegrationPluginConfig.cmake",
		"/snap/clion/332/bin/cmake/linux/x64/share/cmake-3.30/Modules/CMakeFindDependencyMacro.cmake",
		"/home/panyilun/Qt/6.8.1/gcc_64/lib/cmake/Qt6Gui/Qt6QXcbGlxIntegrationPluginTargets.cmake",
		"/home/panyilun/Qt/6.8.1/gcc_64/lib/cmake/Qt6Gui/Qt6QXcbGlxIntegrationPluginTargets-relwithdebinfo.cmake",
		"/home/panyilun/Qt/6.8.1/gcc_64/lib/cmake/Qt6Gui/Qt6QXcbGlxIntegrationPluginAdditionalTargetInfo.cmake",
		"/home/panyilun/Qt/6.8.1/gcc_64/lib/cmake/Qt6Gui/Qt6QXcbIntegrationPluginConfig.cmake",
		"/snap/clion/332/bin/cmake/linux/x64/share/cmake-3.30/Modules/CMakeFindDependencyMacro.cmake",
		"/home/panyilun/Qt/6.8.1/gcc_64/lib/cmake/Qt6Gui/Qt6QXcbIntegrationPluginTargets.cmake",
		"/home/panyilun/Qt/6.8.1/gcc_64/lib/cmake/Qt6Gui/Qt6QXcbIntegrationPluginTargets-relwithdebinfo.cmake",
		"/home/panyilun/Qt/6.8.1/gcc_64/lib/cmake/Qt6Gui/Qt6QXcbIntegrationPluginAdditionalTargetInfo.cmake",
		"/home/panyilun/Qt/6.8.1/gcc_64/lib/cmake/Qt6Gui/Qt6QXdgDesktopPortalThemePluginConfig.cmake",
		"/snap/clion/332/bin/cmake/linux/x64/share/cmake-3.30/Modules/CMakeFindDependencyMacro.cmake",
		"/home/panyilun/Qt/6.8.1/gcc_64/lib/cmake/Qt6Gui/Qt6QXdgDesktopPortalThemePluginTargets.cmake",
		"/home/panyilun/Qt/6.8.1/gcc_64/lib/cmake/Qt6Gui/Qt6QXdgDesktopPortalThemePluginTargets-relwithdebinfo.cmake",
		"/home/panyilun/Qt/6.8.1/gcc_64/lib/cmake/Qt6Gui/Qt6QXdgDesktopPortalThemePluginAdditionalTargetInfo.cmake",
		"/home/panyilun/Qt/6.8.1/gcc_64/lib/cmake/Qt6Gui/Qt6GuiVersionlessAliasTargets.cmake",
		"/home/panyilun/Qt/6.8.1/gcc_64/lib/cmake/Qt6Widgets/Qt6WidgetsConfigVersion.cmake",
		"/home/panyilun/Qt/6.8.1/gcc_64/lib/cmake/Qt6Widgets/Qt6WidgetsConfigVersionImpl.cmake",
		"/home/panyilun/Qt/6.8.1/gcc_64/lib/cmake/Qt6Widgets/Qt6WidgetsConfig.cmake",
		"/snap/clion/332/bin/cmake/linux/x64/share/cmake-3.30/Modules/CMakeFindDependencyMacro.cmake",
		"/home/panyilun/Qt/6.8.1/gcc_64/lib/cmake/Qt6Widgets/Qt6WidgetsDependencies.cmake",
		"/home/panyilun/Qt/6.8.1/gcc_64/lib/cmake/Qt6WidgetsTools/Qt6WidgetsToolsConfigVersion.cmake",
		"/home/panyilun/Qt/6.8.1/gcc_64/lib/cmake/Qt6WidgetsTools/Qt6WidgetsToolsConfigVersionImpl.cmake",
		"/home/panyilun/Qt/6.8.1/gcc_64/lib/cmake/Qt6WidgetsTools/Qt6WidgetsToolsConfig.cmake",
		"/snap/clion/332/bin/cmake/linux/x64/share/cmake-3.30/Modules/CMakeFindDependencyMacro.cmake",
		"/home/panyilun/Qt/6.8.1/gcc_64/lib/cmake/Qt6WidgetsTools/Qt6WidgetsToolsDependencies.cmake",
		"/home/panyilun/Qt/6.8.1/gcc_64/lib/cmake/Qt6WidgetsTools/Qt6WidgetsToolsTargets.cmake",
		"/home/panyilun/Qt/6.8.1/gcc_64/lib/cmake/Qt6WidgetsTools/Qt6WidgetsToolsTargets-relwithdebinfo.cmake",
		"/home/panyilun/Qt/6.8.1/gcc_64/lib/cmake/Qt6WidgetsTools/Qt6WidgetsToolsAdditionalTargetInfo.cmake",
		"/home/panyilun/Qt/6.8.1/gcc_64/lib/cmake/Qt6WidgetsTools/Qt6WidgetsToolsVersionlessTargets.cmake",
		"/home/panyilun/Qt/6.8.1/gcc_64/lib/cmake/Qt6Widgets/Qt6WidgetsTargets.cmake",
		"/home/panyilun/Qt/6.8.1/gcc_64/lib/cmake/Qt6Widgets/Qt6WidgetsTargets-relwithdebinfo.cmake",
		"/home/panyilun/Qt/6.8.1/gcc_64/lib/cmake/Qt6Widgets/Qt6WidgetsAdditionalTargetInfo.cmake",
		"/home/panyilun/Qt/6.8.1/gcc_64/lib/cmake/Qt6Widgets/Qt6WidgetsMacros.cmake",
		"/home/panyilun/Qt/6.8.1/gcc_64/lib/cmake/Qt6Widgets/Qt6WidgetsPlugins.cmake",
		"/home/panyilun/Qt/6.8.1/gcc_64/lib/cmake/Qt6Widgets/Qt6WidgetsVersionlessAliasTargets.cmake",
		"/home/panyilun/Qt/6.8.1/gcc_64/lib/cmake/Qt6Multimedia/Qt6MultimediaConfigVersion.cmake",
		"/home/panyilun/Qt/6.8.1/gcc_64/lib/cmake/Qt6Multimedia/Qt6MultimediaConfigVersionImpl.cmake",
		"/home/panyilun/Qt/6.8.1/gcc_64/lib/cmake/Qt6Multimedia/Qt6MultimediaConfig.cmake",
		"/snap/clion/332/bin/cmake/linux/x64/share/cmake-3.30/Modules/CMakeFindDependencyMacro.cmake",
		"/home/panyilun/Qt/6.8.1/gcc_64/lib/cmake/Qt6Multimedia/Qt6MultimediaDependencies.cmake",
		"/home/panyilun/Qt/6.8.1/gcc_64/lib/cmake/Qt6Network/Qt6NetworkConfigVersion.cmake",
		"/home/panyilun/Qt/6.8.1/gcc_64/lib/cmake/Qt6Network/Qt6NetworkConfigVersionImpl.cmake",
		"/home/panyilun/Qt/6.8.1/gcc_64/lib/cmake/Qt6Network/Qt6NetworkConfig.cmake",
		"/snap/clion/332/bin/cmake/linux/x64/share/cmake-3.30/Modules/CMakeFindDependencyMacro.cmake",
		"/home/panyilun/Qt/6.8.1/gcc_64/lib/cmake/Qt6Network/Qt6NetworkDependencies.cmake",
		"/home/panyilun/Qt/6.8.1/gcc_64/lib/cmake/Qt6Network/Qt6NetworkTargets.cmake",
		"/home/panyilun/Qt/6.8.1/gcc_64/lib/cmake/Qt6Network/Qt6NetworkTargets-relwithdebinfo.cmake",
		"/home/panyilun/Qt/6.8.1/gcc_64/lib/cmake/Qt6Network/Qt6NetworkAdditionalTargetInfo.cmake",
		"/home/panyilun/Qt/6.8.1/gcc_64/lib/cmake/Qt6Network/Qt6NetworkPlugins.cmake",
		"/home/panyilun/Qt/6.8.1/gcc_64/lib/cmake/Qt6Network/Qt6QGlibNetworkInformationPluginConfig.cmake",
		"/snap/clion/332/bin/cmake/linux/x64/share/cmake-3.30/Modules/CMakeFindDependencyMacro.cmake",
		"/home/panyilun/Qt/6.8.1/gcc_64/lib/cmake/Qt6Network/Qt6QGlibNetworkInformationPluginTargets.cmake",
		"/home/panyilun/Qt/6.8.1/gcc_64/lib/cmake/Qt6Network/Qt6QGlibNetworkInformationPluginTargets-relwithdebinfo.cmake",
		"/home/panyilun/Qt/6.8.1/gcc_64/lib/cmake/Qt6Network/Qt6QGlibNetworkInformationPluginAdditionalTargetInfo.cmake",
		"/home/panyilun/Qt/6.8.1/gcc_64/lib/cmake/Qt6Network/Qt6QNetworkManagerNetworkInformationPluginConfig.cmake",
		"/snap/clion/332/bin/cmake/linux/x64/share/cmake-3.30/Modules/CMakeFindDependencyMacro.cmake",
		"/home/panyilun/Qt/6.8.1/gcc_64/lib/cmake/Qt6Network/Qt6QNetworkManagerNetworkInformationPluginTargets.cmake",
		"/home/panyilun/Qt/6.8.1/gcc_64/lib/cmake/Qt6Network/Qt6QNetworkManagerNetworkInformationPluginTargets-relwithdebinfo.cmake",
		"/home/panyilun/Qt/6.8.1/gcc_64/lib/cmake/Qt6Network/Qt6QNetworkManagerNetworkInformationPluginAdditionalTargetInfo.cmake",
		"/home/panyilun/Qt/6.8.1/gcc_64/lib/cmake/Qt6Network/Qt6QTlsBackendCertOnlyPluginConfig.cmake",
		"/snap/clion/332/bin/cmake/linux/x64/share/cmake-3.30/Modules/CMakeFindDependencyMacro.cmake",
		"/home/panyilun/Qt/6.8.1/gcc_64/lib/cmake/Qt6Network/Qt6QTlsBackendCertOnlyPluginTargets.cmake",
		"/home/panyilun/Qt/6.8.1/gcc_64/lib/cmake/Qt6Network/Qt6QTlsBackendCertOnlyPluginTargets-relwithdebinfo.cmake",
		"/home/panyilun/Qt/6.8.1/gcc_64/lib/cmake/Qt6Network/Qt6QTlsBackendCertOnlyPluginAdditionalTargetInfo.cmake",
		"/home/panyilun/Qt/6.8.1/gcc_64/lib/cmake/Qt6Network/Qt6QTlsBackendOpenSSLPluginConfig.cmake",
		"/snap/clion/332/bin/cmake/linux/x64/share/cmake-3.30/Modules/CMakeFindDependencyMacro.cmake",
		"/home/panyilun/Qt/6.8.1/gcc_64/lib/cmake/Qt6Network/Qt6QTlsBackendOpenSSLPluginTargets.cmake",
		"/home/panyilun/Qt/6.8.1/gcc_64/lib/cmake/Qt6Network/Qt6QTlsBackendOpenSSLPluginTargets-relwithdebinfo.cmake",
		"/home/panyilun/Qt/6.8.1/gcc_64/lib/cmake/Qt6Network/Qt6QTlsBackendOpenSSLPluginAdditionalTargetInfo.cmake",
		"/home/panyilun/Qt/6.8.1/gcc_64/lib/cmake/Qt6Network/Qt6NetworkVersionlessAliasTargets.cmake",
		"/home/panyilun/Qt/6.8.1/gcc_64/lib/cmake/Qt6Multimedia/Qt6MultimediaTargets.cmake",
		"/home/panyilun/Qt/6.8.1/gcc_64/lib/cmake/Qt6Multimedia/Qt6MultimediaTargets-relwithdebinfo.cmake",
		"/home/panyilun/Qt/6.8.1/gcc_64/lib/cmake/Qt6Multimedia/Qt6MultimediaAdditionalTargetInfo.cmake",
		"/home/panyilun/Qt/6.8.1/gcc_64/lib/cmake/Qt6Multimedia/Qt6MultimediaMacros.cmake",
		"/home/panyilun/Qt/6.8.1/gcc_64/lib/cmake/Qt6Multimedia/Qt6MultimediaPlugins.cmake",
		"/home/panyilun/Qt/6.8.1/gcc_64/lib/cmake/Qt6Multimedia/Qt6QFFmpegMediaPluginConfig.cmake",
		"/snap/clion/332/bin/cmake/linux/x64/share/cmake-3.30/Modules/CMakeFindDependencyMacro.cmake",
		"/home/panyilun/Qt/6.8.1/gcc_64/lib/cmake/Qt6Multimedia/Qt6QFFmpegMediaPluginTargets.cmake",
		"/home/panyilun/Qt/6.8.1/gcc_64/lib/cmake/Qt6Multimedia/Qt6QFFmpegMediaPluginTargets-relwithdebinfo.cmake",
		"/home/panyilun/Qt/6.8.1/gcc_64/lib/cmake/Qt6Multimedia/Qt6QFFmpegMediaPluginAdditionalTargetInfo.cmake",
		"/home/panyilun/Qt/6.8.1/gcc_64/lib/cmake/Qt6Multimedia/Qt6MultimediaVersionlessAliasTargets.cmake",
		"/home/panyilun/Qt/6.8.1/gcc_64/lib/cmake/Qt6MultimediaWidgets/Qt6MultimediaWidgetsConfigVersion.cmake",
		"/home/panyilun/Qt/6.8.1/gcc_64/lib/cmake/Qt6MultimediaWidgets/Qt6MultimediaWidgetsConfigVersionImpl.cmake",
		"/home/panyilun/Qt/6.8.1/gcc_64/lib/cmake/Qt6MultimediaWidgets/Qt6MultimediaWidgetsConfig.cmake",
		"/snap/clion/332/bin/cmake/linux/x64/share/cmake-3.30/Modules/CMakeFindDependencyMacro.cmake",
		"/home/panyilun/Qt/6.8.1/gcc_64/lib/cmake/Qt6MultimediaWidgets/Qt6MultimediaWidgetsDependencies.cmake",
		"/home/panyilun/Qt/6.8.1/gcc_64/lib/cmake/Qt6MultimediaWidgets/Qt6MultimediaWidgetsTargets.cmake",
		"/home/panyilun/Qt/6.8.1/gcc_64/lib/cmake/Qt6MultimediaWidgets/Qt6MultimediaWidgetsTargets-relwithdebinfo.cmake",
		"/home/panyilun/Qt/6.8.1/gcc_64/lib/cmake/Qt6MultimediaWidgets/Qt6MultimediaWidgetsAdditionalTargetInfo.cmake",
		"/home/panyilun/Qt/6.8.1/gcc_64/lib/cmake/Qt6MultimediaWidgets/Qt6MultimediaWidgetsVersionlessAliasTargets.cmake",
		"/home/panyilun/CS3307/cs3307b-group-66/media/img/UWO_Horizontal_Full.png",
		"/snap/clion/332/bin/cmake/linux/x64/share/cmake-3.30/Modules/GNUInstallDirs.cmake",
		"/snap/clion/332/bin/cmake/linux/x64/share/cmake-3.30/Modules/FetchContent.cmake",
		"/snap/clion/332/bin/cmake/linux/x64/share/cmake-3.30/Modules/ExternalProject/shared_internal_commands.cmake",
		"/snap/clion/332/bin/cmake/linux/x64/share/cmake-3.30/Modules/FetchContent/CMakeLists.cmake.in",
		"/home/panyilun/CS3307/cs3307b-group-66/resources.qrc"
	],
	"CMAKE_SOURCE_DIR" : "/home/panyilun/CS3307/cs3307b-group-66",
	"CROSS_CONFIG" : false,
	"DEP_FILE" : "/home/panyilun/CS3307/cs3307b-group-66/cmake-build-release/UnitTests_autogen/deps",
	"DEP_FILE_RULE_NAME" : "UnitTests_autogen/timestamp",
	"HEADERS" : 
	[
		[
			"/home/panyilun/CS3307/cs3307b-group-66/tests/timeFormator.h",
			"MU",
			"KRHXW7JQHD/moc_timeFormator.cpp",
			null
		]
	],
	"HEADER_EXTENSIONS" : [ "h", "hh", "h++", "hm", "hpp", "hxx", "in", "txx" ],
	"INCLUDE_DIR" : "/home/panyilun/CS3307/cs3307b-group-66/cmake-build-release/UnitTests_autogen/include",
	"MOC_COMPILATION_FILE" : "/home/panyilun/CS3307/cs3307b-group-66/cmake-build-release/UnitTests_autogen/mocs_compilation.cpp",
	"MOC_DEFINITIONS" : [],
	"MOC_DEPEND_FILTERS" : 
	[
		[
			"Q_PLUGIN_METADATA",
			"[\n][ \t]*Q_PLUGIN_METADATA[ \t]*\\([^\\)]*FILE[ \t]*\"([^\"]+)\""
		]
	],
	"MOC_INCLUDES" : 
	[
		"/home/panyilun/CS3307/cs3307b-group-66/include",
		"/home/panyilun/CS3307/cs3307b-group-66/cmake-build-release/_deps/googletest-src/googletest/include",
		"/home/panyilun/CS3307/cs3307b-group-66/cmake-build-release/_deps/googletest-src/googletest",
		"/usr/include/c++/13",
		"/usr/include/x86_64-linux-gnu/c++/13",
		"/usr/include/c++/13/backward",
		"/usr/lib/gcc/x86_64-linux-gnu/13/include",
		"/usr/local/include",
		"/usr/include/x86_64-linux-gnu",
		"/usr/include"
	],
	"MOC_MACRO_NAMES" : 
	[
		"Q_OBJECT",
		"Q_GADGET",
		"Q_NAMESPACE",
		"Q_NAMESPACE_EXPORT",
		"Q_GADGET_EXPORT",
		"Q_ENUM_NS"
	],
	"MOC_OPTIONS" : [],
	"MOC_PATH_PREFIX" : false,
	"MOC_PREDEFS_CMD" : 
	[
		"/usr/bin/c++",
		"-std=gnu++17",
		"-dM",
		"-E",
		"-c",
		"/snap/clion/332/bin/cmake/linux/x64/share/cmake-3.30/Modules/CMakeCXXCompilerABI.cpp"
	],
	"MOC_PREDEFS_FILE" : "/home/panyilun/CS3307/cs3307b-group-66/cmake-build-release/UnitTests_autogen/moc_predefs.h",
	"MOC_RELAXED_MODE" : false,
	"MOC_SKIP" : 
	[
		"/home/panyilun/CS3307/cs3307b-group-66/cmake-build-release/ExamIdenVerif_autogen/EWIEGA46WW/qrc_resources.cpp",
		"/home/panyilun/CS3307/cs3307b-group-66/cmake-build-release/ExamIdenVerif_autogen/include/ui/ui_generatereport.h",
		"/home/panyilun/CS3307/cs3307b-group-66/cmake-build-release/ExamIdenVerif_autogen/include/ui/ui_mainwindow.h",
		"/home/panyilun/CS3307/cs3307b-group-66/cmake-build-release/ExamIdenVerif_autogen/mocs_compilation.cpp"
	],
	"MULTI_CONFIG" : false,
	"PARALLEL" : 2,
	"PARSE_CACHE_FILE" : "/home/panyilun/CS3307/cs3307b-group-66/cmake-build-release/CMakeFiles/UnitTests_autogen.dir/ParseCache.txt",
	"QT_MOC_EXECUTABLE" : "/home/panyilun/Qt/6.8.1/gcc_64/libexec/moc",
	"QT_UIC_EXECUTABLE" : "/home/panyilun/Qt/6.8.1/gcc_64/libexec/uic",
	"QT_VERSION_MAJOR" : 6,
	"QT_VERSION_MINOR" : 8,
	"SETTINGS_FILE" : "/home/panyilun/CS3307/cs3307b-group-66/cmake-build-release/CMakeFiles/UnitTests_autogen.dir/AutogenUsed.txt",
	"SOURCES" : 
	[
		[ "/home/panyilun/CS3307/cs3307b-group-66/src/Break.cpp", "MU", null ],
		[ "/home/panyilun/CS3307/cs3307b-group-66/src/Proctor.cpp", "MU", null ],
		[ "/home/panyilun/CS3307/cs3307b-group-66/src/Student.cpp", "MU", null ],
		[ "/home/panyilun/CS3307/cs3307b-group-66/src/User.cpp", "MU", null ],
		[
			"/home/panyilun/CS3307/cs3307b-group-66/tests/test_Break.cpp",
			"MU",
			null
		],
		[
			"/home/panyilun/CS3307/cs3307b-group-66/tests/test_Initiator.cpp",
			"MU",
			null
		],
		[
			"/home/panyilun/CS3307/cs3307b-group-66/tests/test_Proctor.cpp",
			"MU",
			null
		],
		[
			"/home/panyilun/CS3307/cs3307b-group-66/tests/test_Student.cpp",
			"MU",
			null
		],
		[
			"/home/panyilun/CS3307/cs3307b-group-66/tests/test_User.cpp",
			"MU",
			null
		]
	],
	"UIC_OPTIONS" : [],
	"UIC_SEARCH_PATHS" : [],
	"UIC_SKIP" : 
	[
		"/home/panyilun/CS3307/cs3307b-group-66/cmake-build-release/ExamIdenVerif_autogen/EWIEGA46WW/qrc_resources.cpp",
		"/home/panyilun/CS3307/cs3307b-group-66/cmake-build-release/ExamIdenVerif_autogen/include/ui/ui_generatereport.h",
		"/home/panyilun/CS3307/cs3307b-group-66/cmake-build-release/ExamIdenVerif_autogen/include/ui/ui_mainwindow.h",
		"/home/panyilun/CS3307/cs3307b-group-66/cmake-build-release/ExamIdenVerif_autogen/mocs_compilation.cpp"
	],
	"UIC_UI_FILES" : [],
	"USE_BETTER_GRAPH" : true,
	"VERBOSITY" : 0
}
