{
	"BUILD_DIR" : "/home/panyilun/CS3307/cs3307b-group-66/cmake-build-release/_deps/googletest-build/googletest/gtest_main_autogen",
	"CMAKE_BINARY_DIR" : "/home/panyilun/CS3307/cs3307b-group-66/cmake-build-release",
	"CMAKE_CURRENT_BINARY_DIR" : "/home/panyilun/CS3307/cs3307b-group-66/cmake-build-release/_deps/googletest-build/googletest",
	"CMAKE_CURRENT_SOURCE_DIR" : "/home/panyilun/CS3307/cs3307b-group-66/cmake-build-release/_deps/googletest-src/googletest",
	"CMAKE_EXECUTABLE" : "/snap/clion/332/bin/cmake/linux/x64/bin/cmake",
	"CMAKE_LIST_FILES" : 
	[
		"/home/panyilun/CS3307/cs3307b-group-66/cmake-build-release/_deps/googletest-src/googletest/CMakeLists.txt",
		"/home/panyilun/CS3307/cs3307b-group-66/cmake-build-release/_deps/googletest-src/googletest/cmake/internal_utils.cmake",
		"/snap/clion/332/bin/cmake/linux/x64/share/cmake-3.30/Modules/FindThreads.cmake",
		"/snap/clion/332/bin/cmake/linux/x64/share/cmake-3.30/Modules/CheckLibraryExists.cmake",
		"/snap/clion/332/bin/cmake/linux/x64/share/cmake-3.30/Modules/CheckIncludeFile.cmake",
		"/snap/clion/332/bin/cmake/linux/x64/share/cmake-3.30/Modules/CheckCSourceCompiles.cmake",
		"/snap/clion/332/bin/cmake/linux/x64/share/cmake-3.30/Modules/Internal/CheckSourceCompiles.cmake",
		"/snap/clion/332/bin/cmake/linux/x64/share/cmake-3.30/Modules/FindPackageHandleStandardArgs.cmake",
		"/snap/clion/332/bin/cmake/linux/x64/share/cmake-3.30/Modules/FindPackageMessage.cmake",
		"/snap/clion/332/bin/cmake/linux/x64/share/cmake-3.30/Modules/CMakePackageConfigHelpers.cmake",
		"/snap/clion/332/bin/cmake/linux/x64/share/cmake-3.30/Modules/WriteBasicConfigVersionFile.cmake",
		"/snap/clion/332/bin/cmake/linux/x64/share/cmake-3.30/Modules/BasicConfigVersion-AnyNewerVersion.cmake.in",
		"/home/panyilun/CS3307/cs3307b-group-66/cmake-build-release/_deps/googletest-src/googletest/cmake/Config.cmake.in",
		"/home/panyilun/CS3307/cs3307b-group-66/cmake-build-release/_deps/googletest-src/googletest/cmake/gtest.pc.in",
		"/home/panyilun/CS3307/cs3307b-group-66/cmake-build-release/_deps/googletest-src/googletest/cmake/gtest_main.pc.in"
	],
	"CMAKE_SOURCE_DIR" : "/home/panyilun/CS3307/cs3307b-group-66",
	"CROSS_CONFIG" : false,
	"DEP_FILE" : "/home/panyilun/CS3307/cs3307b-group-66/cmake-build-release/_deps/googletest-build/googletest/gtest_main_autogen/deps",
	"DEP_FILE_RULE_NAME" : "gtest_main_autogen/timestamp",
	"HEADERS" : [],
	"HEADER_EXTENSIONS" : [ "h", "hh", "h++", "hm", "hpp", "hxx", "in", "txx" ],
	"INCLUDE_DIR" : "/home/panyilun/CS3307/cs3307b-group-66/cmake-build-release/_deps/googletest-build/googletest/gtest_main_autogen/include",
	"MOC_COMPILATION_FILE" : "/home/panyilun/CS3307/cs3307b-group-66/cmake-build-release/_deps/googletest-build/googletest/gtest_main_autogen/mocs_compilation.cpp",
	"MOC_DEFINITIONS" : [],
	"MOC_DEPEND_FILTERS" : 
	[
		[
			"Q_PLUGIN_METADATA",
			"[\n][ \t]*Q_PLUGIN_METADATA[ \t]*\\([^\\)]*FILE[ \t]*\"([^\"]+)\""
		]
	],
	"MOC_INCLUDES" : 
	[
		"/home/panyilun/CS3307/cs3307b-group-66/include",
		"/home/panyilun/CS3307/cs3307b-group-66/cmake-build-release/_deps/googletest-src/googletest/include",
		"/home/panyilun/CS3307/cs3307b-group-66/cmake-build-release/_deps/googletest-src/googletest",
		"/usr/include/c++/13",
		"/usr/include/x86_64-linux-gnu/c++/13",
		"/usr/include/c++/13/backward",
		"/usr/lib/gcc/x86_64-linux-gnu/13/include",
		"/usr/local/include",
		"/usr/include/x86_64-linux-gnu",
		"/usr/include"
	],
	"MOC_MACRO_NAMES" : 
	[
		"Q_OBJECT",
		"Q_GADGET",
		"Q_NAMESPACE",
		"Q_NAMESPACE_EXPORT",
		"Q_GADGET_EXPORT",
		"Q_ENUM_NS"
	],
	"MOC_OPTIONS" : [],
	"MOC_PATH_PREFIX" : false,
	"MOC_PREDEFS_CMD" : 
	[
		"/usr/bin/c++",
		"-std=c++17",
		"-dM",
		"-E",
		"-c",
		"/snap/clion/332/bin/cmake/linux/x64/share/cmake-3.30/Modules/CMakeCXXCompilerABI.cpp"
	],
	"MOC_PREDEFS_FILE" : "/home/panyilun/CS3307/cs3307b-group-66/cmake-build-release/_deps/googletest-build/googletest/gtest_main_autogen/moc_predefs.h",
	"MOC_RELAXED_MODE" : false,
	"MOC_SKIP" : 
	[
		"/home/panyilun/CS3307/cs3307b-group-66/cmake-build-release/_deps/googletest-build/googletest/gtest_autogen/mocs_compilation.cpp"
	],
	"MULTI_CONFIG" : false,
	"PARALLEL" : 2,
	"PARSE_CACHE_FILE" : "/home/panyilun/CS3307/cs3307b-group-66/cmake-build-release/_deps/googletest-build/googletest/CMakeFiles/gtest_main_autogen.dir/ParseCache.txt",
	"QT_MOC_EXECUTABLE" : "/home/panyilun/Qt/6.8.1/gcc_64/libexec/moc",
	"QT_UIC_EXECUTABLE" : "/home/panyilun/Qt/6.8.1/gcc_64/libexec/uic",
	"QT_VERSION_MAJOR" : 6,
	"QT_VERSION_MINOR" : 8,
	"SETTINGS_FILE" : "/home/panyilun/CS3307/cs3307b-group-66/cmake-build-release/_deps/googletest-build/googletest/CMakeFiles/gtest_main_autogen.dir/AutogenUsed.txt",
	"SOURCES" : 
	[
		[
			"/home/panyilun/CS3307/cs3307b-group-66/cmake-build-release/_deps/googletest-src/googletest/src/gtest_main.cc",
			"MU",
			null
		]
	],
	"UIC_OPTIONS" : [],
	"UIC_SEARCH_PATHS" : [],
	"UIC_SKIP" : 
	[
		"/home/panyilun/CS3307/cs3307b-group-66/cmake-build-release/_deps/googletest-build/googletest/gtest_autogen/mocs_compilation.cpp"
	],
	"UIC_UI_FILES" : [],
	"USE_BETTER_GRAPH" : true,
	"VERBOSITY" : 0
}
