{
	"BUILD_DIR" : "/home/panyilun/CS3307/cs3307b-group-66/cmake-build-release/ExamIdenVerif_autogen",
	"CMAKE_BINARY_DIR" : "/home/panyilun/CS3307/cs3307b-group-66/cmake-build-release",
	"CMAKE_CURRENT_BINARY_DIR" : "/home/panyilun/CS3307/cs3307b-group-66/cmake-build-release",
	"CMAKE_CURRENT_SOURCE_DIR" : "/home/panyilun/CS3307/cs3307b-group-66",
	"CMAKE_SOURCE_DIR" : "/home/panyilun/CS3307/cs3307b-group-66",
	"CROSS_CONFIG" : false,
	"GENERATOR" : "Ninja",
	"INCLUDE_DIR" : "/home/panyilun/CS3307/cs3307b-group-66/cmake-build-release/ExamIdenVerif_autogen/include",
	"INPUTS" : 
	[
		"/home/panyilun/CS3307/cs3307b-group-66/media/img/UWO_Horizontal_Full.png"
	],
	"LOCK_FILE" : "/home/panyilun/CS3307/cs3307b-group-66/cmake-build-release/CMakeFiles/ExamIdenVerif_autogen.dir/AutoRcc_resources_EWIEGA46WW_Lock.lock",
	"MULTI_CONFIG" : false,
	"OPTIONS" : [ "-name", "resources" ],
	"OUTPUT_CHECKSUM" : "EWIEGA46WW",
	"OUTPUT_NAME" : "qrc_resources.cpp",
	"RCC_EXECUTABLE" : "/home/panyilun/Qt/6.8.1/gcc_64/libexec/rcc",
	"RCC_LIST_OPTIONS" : [ "--list" ],
	"SETTINGS_FILE" : "/home/panyilun/CS3307/cs3307b-group-66/cmake-build-release/CMakeFiles/ExamIdenVerif_autogen.dir/AutoRcc_resources_EWIEGA46WW_Used.txt",
	"SOURCE" : "/home/panyilun/CS3307/cs3307b-group-66/resources.qrc",
	"USE_BETTER_GRAPH" : true,
	"VERBOSITY" : 0
}
